{"cameraMode":{"drawMode":0,"name":"Shaded","section":"Shading Mode"},"sceneLighting":true,"audioPlay":false,"sceneViewState":{"showFog":true,"showMaterialUpdate":false,"showSkybox":true,"showFlares":true,"showImageEffects":true,"showParticleSystems":true},"in2DMode":false,"pivot":{"x":-7.5757951736450199,"y":3.647186279296875,"z":-13.251701354980469},"rotation":{"x":0.0017088388558477164,"y":0.9979272484779358,"z":-0.029946867376565934,"w":0.056943729519844058},"size":11.976232528686524,"orthographic":false}