{"cameraMode":{"drawMode":0,"name":"Shaded","section":"Shading Mode"},"sceneLighting":true,"audioPlay":false,"sceneViewState":{"showFog":true,"showMaterialUpdate":false,"showSkybox":true,"showFlares":true,"showImageEffects":true,"showParticleSystems":true},"in2DMode":false,"pivot":{"x":-3.8441848754882814,"y":-1.3953614234924317,"z":-22.281768798828126},"rotation":{"x":0.10049235075712204,"y":0.8961620926856995,"z":-0.261968195438385,"w":0.34377577900886538},"size":14.355637550354004,"orthographic":true}