{"cameraMode":{"drawMode":0,"name":"Shaded","section":"Shading Mode"},"sceneLighting":true,"audioPlay":false,"sceneViewState":{"showFog":true,"showMaterialUpdate":false,"showSkybox":true,"showFlares":true,"showImageEffects":true,"showParticleSystems":true},"in2DMode":false,"pivot":{"x":-6.002354145050049,"y":2.749156951904297,"z":-1.9580066204071046},"rotation":{"x":0.005235654301941395,"y":0.994138240814209,"z":-0.05553654953837395,"w":0.09302005916833878},"size":5.755263805389404,"orthographic":false}